seed,success,steps,total_reward,final_distance,initial_distance,path_length,collisions,initial_heading,final_heading,episode
1000,0,400,-751.3022868226421,88.76002084257983,27.457734019935472,86.16482588423398,343,2.9590145814719326,1.388218254677033,1
1001,0,400,-644.2108710287038,46.326818886094166,62.11594785738827,115.69470459547716,328,1.1792883917752939,2.3573856368714634,2
1002,0,400,-735.205965148364,79.34125418497138,46.13528903660743,48.472275960131114,349,4.697386726069344,4.697386726069347,3
1003,0,400,-673.8333759574109,75.37119870981911,57.53782275240801,102.00492947318355,326,3.108161880358474,6.249754533948272,4
1004,0,400,-644.3444735445108,56.45432203664849,52.10984849213549,84.42299965933235,318,0.8700789470210494,1.6554771104184987,5
1005,0,400,-663.6130174181425,87.0328370130727,47.41981959492795,132.36496904561028,310,1.8050587860277387,5.339350521316259,6
1006,0,400,-721.3611164610604,52.80963844573377,25.448521984670716,66.80583621340125,345,1.8713292444659357,1.8713292444659402,7
1007,0,400,-709.3237660841943,95.02820889307506,75.7044428088783,81.35969494147699,343,4.039638985937328,4.039638985937333,8
1008,0,400,-725.0634813634597,91.12402911311148,70.0605477496493,35.80716287164907,350,1.3661707578174123,2.544268002913589,9
1009,1,65,49.52037507709569,5.798285487523854,45.96866056461956,42.0,0,0.31322597403973956,1.0986241374371906,10
1010,0,400,-634.9051164173236,79.87463407267742,78.96951765535242,126.53381546974948,315,5.765932966239059,6.158632047937786,11
1011,0,400,-698.4753863346982,86.71936540000593,42.243979065305574,112.5715854551071,325,1.33580604236235,6.048195022747043,12
1012,0,400,-661.8283931086476,54.24116927916673,52.41277617051694,74.10615344444602,328,1.4981402080361623,0.32004296293999346,13
1013,0,400,-705.0761978610647,81.72019753938838,60.64399967832124,77.7307729773153,340,4.226444860769286,3.441046697371842,14
1014,0,400,-658.5880257097601,49.79526821443298,47.20724250467106,92.41683191653762,326,5.642079281612756,0.14429213783062167,15
1015,0,400,-613.6377675590618,19.010121043061652,53.372353483997856,72.49360667238999,322,4.029438906258114,4.0294389062581155,16
1016,0,400,-730.8608827060418,80.49673203026776,29.63584932422345,63.887305770192555,338,2.2218848313152733,2.221884831315277,17
1017,0,400,-739.0965763973353,95.75956739319057,68.66299099585267,35.54705830287167,354,6.110896546364497,0.220410320883639,18
1018,0,400,-677.5787165565146,67.2978980617903,29.719181505273365,95.70845265291304,318,5.475883254532775,2.726989682641711,19
1019,0,400,-640.1398686618968,81.8004643938861,53.66059573198776,126.43495815427355,304,2.9335197209759545,3.326218802674685,20
1020,1,69,39.69743784378553,4.942195883821372,35.329633727606904,32.000000000000036,0,0.4755917525075713,1.6536889976037479,21
1021,0,400,-727.2999113994209,110.68819875416978,71.38828735474625,52.57506409457228,342,6.229548114438849,4.2660527059452304,22
1022,0,400,-683.7138076039154,61.69666374181153,63.982856137894885,108.23688026591925,341,3.705913421984965,1.3497189317926268,23
1023,0,400,-646.1100275481408,37.109762551911196,34.99973500376825,68.55329570069847,320,5.715197614975505,0.21741047119336976,24
1024,0,400,-729.7679094061248,102.11709267599677,56.34918326986944,56.368705104837176,340,2.326737749731555,3.504834994827732,25
1025,0,400,-684.5255811853386,76.70374064282275,56.17815945748181,71.59233642705924,330,1.018786758504687,5.3384766571906574,26
1026,0,400,-734.1189991349717,74.26661465099035,30.14761551601615,52.14705123847055,343,1.2225202206166552,2.4006174657128314,27
1027,0,400,-685.8592274008724,92.76107232431542,28.90184492344242,103.80067267585116,309,3.55101795853787,0.016726223249358796,28
1028,0,400,-736.260229810367,109.71949176762813,65.45926195725845,55.447269840942894,344,4.243111456318666,5.813907783113567,29
1029,0,400,-695.0768987383035,85.8861025930656,66.80920385475982,91.68297189385137,336,0.3091109532051812,5.806898096987325,30
1030,0,400,-711.2606945750679,107.2033738335637,85.94267925849331,36.01546446929105,343,5.107093209079615,4.321695045682171,31
1031,0,400,-592.2928249049827,99.47475170468948,63.18192679970519,140.62400493068492,276,4.160440502040578,2.9823432569444113,32
1032,0,400,-712.9757432876983,66.73518645111443,33.75944316341365,40.232216431637454,338,6.2611416656575605,5.868442583958842,33
1033,0,400,-724.4618295948582,60.106132083945454,31.64430248908477,34.20795112652871,346,5.784688374039176,1.0722993936544905,34
1034,0,400,-702.6508248441529,116.20258089573694,57.55175605158163,99.6937137641386,320,0.48742505769975825,3.629017711289556,35
1035,0,400,-695.7378910219251,101.42713930406609,53.689248282138685,57.709682166917844,322,4.959923766360567,3.7818265212644007,36
1036,0,400,-719.0449188949177,112.45518293173377,49.41026403681352,81.16061081143398,326,3.1207571735102673,0.7645626833179278,37
1037,0,400,-704.0599107110855,63.34009690101615,25.28018618993062,99.59876376938509,331,3.826652877197467,3.0412547138000243,38
1038,0,400,-646.2159909876857,75.02954963301731,38.813558645329536,110.9890075503805,303,2.4738676768421684,0.903071350047278,39
1039,0,400,-647.3199537231872,80.5728740804936,29.25292035730429,109.49683717646056,296,3.480221266209198,5.443716674702825,40
1040,0,400,-673.1717039084195,42.99783805435252,49.826134145931285,91.45821923202061,338,4.471511473095338,6.042307799890239,41
1041,0,400,-717.70234054519,84.03307867799734,44.33073813280489,52.81970232619354,337,5.553425934298529,5.946125015997259,42
1042,0,400,-680.2292357407058,74.55837737397779,36.32914163326968,56.019826022636686,319,3.6191377481085927,4.011836829807323,43
1043,1,98,61.81295046881469,5.982574438981082,58.775524907795784,70.0,0,2.5020576111467836,6.036349346435308,44
1044,0,400,-617.9512578159103,74.85553037581526,76.90427255990399,156.62921660470937,308,0.20143912647247353,4.913828106857167,45
1045,1,91,48.24630742210971,5.933502345543274,45.089809767652994,56.00000000000004,0,4.520313896628195,1.771420324737134,46
1046,0,400,-692.1918832551369,81.04028380963125,52.84840055449196,31.598059539191265,330,4.115303316446768,2.151807907953154,47
1047,0,400,-681.0471369467324,51.20544952130824,30.158312574573404,84.98226924988631,328,2.0685392131669444,0.4977428863720532,48
1048,0,400,-674.1616267147715,80.22247788894404,66.06085117417048,103.52648829543664,328,5.915685196796643,0.41789805301451066,49
1049,0,400,-690.9960876724614,81.90773072689078,40.91164305442704,70.37474944811518,323,4.88647878507452,3.708381539978354,50
1050,0,400,-689.5208031693352,108.32239159627974,34.80158842694218,93.48653475975011,306,6.258265561533901,1.1531774994504937,51
1051,0,400,-669.3913203490057,76.82130676853907,65.42998641953248,58.68241890640032,327,1.2242756766073364,0.04617843151116929,52
1052,0,400,-579.1043020250834,21.804344801938214,64.70004277685301,89.0818841306193,309,2.6161022609830256,0.6526068524894106,53
1053,0,400,-701.6387869985263,110.09150264400937,72.45271564548092,50.890239306129196,330,5.20493234313868,4.81223326143996,54
1054,0,400,-692.4789586015885,80.93009387963357,68.4511352780427,81.76155735112357,338,3.023207302515068,3.8086054659125224,55
1055,0,400,-690.7850144838069,100.94665451323841,34.16164002942959,143.63103009097944,310,3.665340123516325,2.879941960118883,56
1056,0,400,-634.7046746914682,64.21674459892637,59.51206990745765,155.2918093466455,313,2.893850344707051,1.7157530996108843,57
1057,1,85,48.516713486809714,5.180383612448634,44.54709709925838,49.99999999999993,0,2.0538177482241777,0.4830214214292883,58
1058,0,400,-707.8220709456515,90.27518124197617,68.45311029632241,85.69185555682053,341,2.9837336740182736,2.591034592319555,59
1059,1,76,57.48813158322798,5.885272089509104,54.1334036727371,54.00000000000012,0,2.7198515946812942,0.7563561861876802,60
1060,0,400,-713.7088251595703,90.74988731536484,47.04106215579198,89.3738859196638,333,5.812352866510845,1.0999638861261625,61
1061,0,400,-668.3393605934733,81.79204550835453,43.45268491488002,99.68410104751457,313,1.8696697286559127,3.047766973752092,62
1062,0,400,-645.8032562182042,64.16058899149924,66.35733277329275,103.6406537579772,322,4.802157403168738,0.4824675044827802,63
1063,0,400,-644.0951998841098,99.41314147145785,29.31794158734589,120.42368289318122,285,1.875558087270435,3.839053495764062,64
1064,0,400,-647.0983475304296,22.20326820380323,31.104920673372536,75.3979742608334,326,0.8960893607541359,3.252283850946487,65
1065,0,400,-674.2551357120936,60.647415555892344,34.39227984379635,79.20386268001467,322,5.314434714256274,1.3874438972690393,66
1066,0,400,-662.0992290982091,57.64383108618793,29.54460198797659,92.66271979397423,315,0.168726275753109,5.273814337836528,67
1067,0,400,-698.6249252033854,64.50737624122426,45.88245103783649,22.626244991816634,338,0.03179914145800562,1.2098963865541834,68
1068,0,400,-614.4505747212265,58.8253205897188,50.37474586849058,134.8216717858755,301,1.0572753723941646,3.413469862586515,69
1069,0,400,-591.4867021869585,36.68994896456786,63.20324677760748,95.83207400123145,307,0.9951688320991003,2.9586642405927273,70
1070,0,400,-632.57971073232,76.67674282603119,42.09703209370903,146.99058627328898,297,0.611828052027605,5.716916114111026,71
1071,0,400,-707.7908213602943,109.35325295816808,75.56243159787132,38.36279605854055,335,1.4607310378035743,2.2461292012010285,72
1072,0,400,-655.0525589790013,89.85289606979795,40.8003370907945,158.59698222940008,301,5.57383098792433,0.46874292584092236,73
1073,0,400,-641.2508741826583,72.48530520121933,47.2344310185589,96.01292409241611,306,3.770164413348869,4.1628634950476,74
1074,0,400,-604.006487778517,77.8306768003334,53.824189021814476,121.7837111294606,288,6.205314143926978,2.671022408638467,75
1075,0,400,-562.415938220873,38.89151610833609,78.47557788746124,141.62452611807302,299,0.8198266088971083,3.568720180788183,76
1076,0,400,-612.826197105662,58.41772470664773,43.59152760098369,101.63650341865045,297,5.295389127013586,0.9756992283276285,77
1077,0,400,-568.2609745993674,95.46894753518069,79.20797293581151,119.35078667253966,274,1.453992928299561,5.380983745286809,78
1078,1,81,53.977624372668835,5.357368145368712,50.144992518037576,47.99999999999995,0,0.7245533313761129,2.688048739869738,79
1079,0,400,-655.6450724821357,57.05813724188321,61.41306475974528,95.41850847547178,328,6.066277714903941,2.5319859796154303,80
1080,1,63,42.30059164633819,5.325688291327577,38.25627993766577,33.999999999999936,0,3.50909516234507,2.723696998947628,81
1081,1,70,32.57062490233065,5.769147035917464,29.03977193824812,26.000000000000046,0,2.108571682709046,4.0720670912026735,82
1082,0,400,-655.7729119862677,90.9816923286107,45.208780342340795,105.96495499673857,303,2.3414932818229044,2.7341923635216334,83
1083,0,400,-654.476091313583,44.841520914640434,32.36542960105666,66.64336970569241,319,0.3441924808036823,3.093086052694757,84
1084,0,400,-544.1992013523027,38.675723569966394,84.4765222176619,158.47576748394252,293,4.337504851114529,2.76670852431964,85
1085,0,400,-629.6388652910877,63.93082301934478,32.29195772825619,139.07900644372017,297,4.479367194904508,1.730473623013447,86
1086,0,400,-645.4136093668628,42.9689675827934,39.55535821592839,88.7215461302891,319,5.000798469067497,1.073807652080263,87
1087,1,76,58.65823026043014,4.200061459316232,53.618291719746395,49.99999999999999,0,2.6684588784552155,2.2757597967564975,88
1088,0,400,-580.9982196675315,54.4664358080885,69.46821614055729,116.15033981772153,296,5.4573260694126615,1.5303352524254277,89
1089,0,400,-673.592729225597,98.72215040270646,25.129421177108107,147.1188998240683,298,3.752245584656051,6.108440074848403,90
1090,0,400,-579.8497715494108,37.03927907052809,49.189507521115466,91.88922794745257,294,2.0951558035402855,0.9170585584441211,91
1091,0,400,-630.0672642239637,26.62222195045127,56.554957726485526,88.34192835092581,328,3.377196309037679,1.806399982242791,92
1092,0,400,-662.0080637519068,98.38817517967583,82.38011142776888,44.055569405772985,321,2.3565261739870076,4.712720664179358,93
1093,0,400,-651.743908302975,54.370810288167974,36.626901985193335,116.65908105359283,315,4.817652625876727,1.6760599722869411,94
1094,0,400,-570.3287255001119,33.806352667588506,67.4776271674748,125.74125375527345,300,1.0768634917294002,1.8622616551268543,95
1095,0,400,-607.8833095405258,46.753243433459,46.86993389293353,74.18547133111156,302,1.9753531187000475,1.5826540370013298,96
1096,1,93,75.59872028605808,5.129367348194583,71.65808763425267,69.9999999999999,0,1.5255500058989233,3.8817444960912737,97
1097,0,400,-656.1553890359183,85.57136342210396,51.415974386183386,84.95102969610376,309,1.5381662159910978,1.145467134292379,98
1098,1,88,33.95867849640091,4.392651993329403,29.231330489730336,39.99999999999999,0,5.743526395096135,5.743526395096142,99
1099,1,84,54.9529467888527,4.588853061756458,50.38179985060916,49.99999999999998,0,3.557252210890928,0.02296047560241732,100
1100,1,71,34.58604101954638,5.466069546471129,30.762110566017512,28.0,0,4.579510588375155,0.2598206896891977,101
1101,0,400,-662.5319080635003,54.60769286118957,34.07578479768706,93.00976999098742,319,5.120532745775641,1.1935419287884064,102
1102,1,79,41.55453973912803,5.947421237825273,38.2919609769533,38.0,0,5.150585310729259,2.0089926571394723,103
1103,0,400,-597.7260578959136,53.71615088288367,61.99009298696813,80.31326210151093,301,3.6575967546865438,4.442994918083997,104
1104,1,93,72.30947648947787,5.923625492093083,69.16310198157096,68.0,0,4.1169719470216135,0.5826802117331034,105
1105,1,58,32.391721387274686,5.519984421751513,28.491705809026186,23.999999999999986,0,3.0011358017660563,2.2157376383686134,106
1106,0,400,-638.0666334686551,71.49512601214114,41.42849254348409,139.81427468160368,302,1.136195231860319,3.4923897220526694,107
1107,0,400,-643.0100054892164,44.137568777074186,31.127563287855935,73.75423488158275,313,1.0602287715592553,1.4529278532579863,108
1108,0,400,-570.3267093634569,13.05492171191174,60.72821234845299,80.43551084848798,307,1.2179459349842414,3.966839506875316,109
1109,1,76,32.7024844932165,5.457993889786583,28.920478383003097,37.999999999999964,0,0.18794774441340856,3.722239479701931,110
1110,0,400,-633.9541408453767,29.70925239769776,43.75511155231896,70.24270929354157,322,3.2661365347870213,2.4807383713895783,111
1111,0,400,-582.4376879824407,59.09509952282152,70.65741154037892,89.63308040423013,295,3.0271440115580805,2.634444929859362,112
1112,1,95,41.30405283894754,5.552369969405827,37.8064228083534,44.00000000000003,0,5.427762454266721,1.1080725555807645,113
1113,1,80,46.0310582206601,5.511121460936457,42.34217968159655,42.000000000000014,0,5.644286156522429,2.109994421233919,114
1114,0,400,-624.9649508063056,78.9268704883532,51.961919682045455,130.70670212040363,297,3.149696037532275,5.89858960942335,115
1115,0,400,-586.075476016911,121.85755020876422,63.78207419185132,164.29667715736684,262,2.146914968702302,4.11041037719593,116
1116,1,82,46.877417928972314,4.124463438780915,41.821881367753214,46.00000000000006,0,3.364351363775204,1.4008559552815911,117
1117,1,72,34.84263042560613,5.667143032657212,31.22977345826335,30.000000000000043,0,1.3540341541549945,3.3175295626486214,118
1118,0,400,-680.8753013313167,82.05212616768908,69.17682483637003,56.032896937758366,332,0.058450149295414415,2.0219455577890417,119
1119,0,400,-595.4932943423004,21.533851521033633,54.040557178731355,80.63680964587495,312,5.709462207849319,2.5678695542595333,120
1120,1,101,61.482027296925274,5.2982751640553065,57.79030246098056,60.000000000000036,0,3.567068855573112,4.745166100669291,121
1121,0,400,-670.9317912755972,73.51686353516793,30.585072259568427,114.7012998151483,312,6.110627609630049,5.325229446232605,122
1122,0,400,-589.38729004822,71.9885267517166,80.60123670349459,108.85324860408866,297,4.586233963085823,3.800835799688382,123
1123,1,86,29.977318002045767,5.390971432629422,26.228289434675208,33.99999999999999,0,0.9217810229223858,1.3144801046211172,124
1124,0,400,-631.8822070940944,56.95328885559601,33.071081761499556,99.1987801031311,302,0.21853346528532036,5.32362152736874,125
1125,1,97,73.85482315206221,5.9213478540123505,70.74617100607455,71.99999999999997,0,3.778312004548252,2.6002147594520872,126
1126,1,98,53.954418169351285,4.598820137174097,49.53323830652542,52.00000000000005,0,3.7213484067366633,5.292144733531568,127
1127,0,400,-558.7690572266257,30.587913065883246,65.81885583925575,106.46360602904782,295,0.4776288804473961,3.619221534037194,128
1128,0,400,-549.1111251840523,69.2267521579129,78.11562697385894,102.66279814551278,277,0.9240697796335674,3.6729633515246447,129
1129,0,400,-625.407175547523,28.085122121028967,32.67794657350424,80.03578679611545,313,3.252662312303874,0.11106965871408825,130
1130,1,94,45.793213972041535,5.017401517345936,41.7506154893875,44.0,0,3.8792493521353877,5.450045678930293,131
1131,0,400,-600.4983958214518,49.17233567248378,64.67393985103183,144.67261887645964,306,3.399783196409149,3.0070841147104326,132
1132,1,192,-20.041304177224823,5.629247432626954,77.50794325540205,114.32480974292339,50,2.3191461506394297,0.748349823844547,133
1133,0,400,-559.3775398527673,46.55238239936145,73.17484254659237,116.27156512311882,291,5.142473007906424,5.535172089605156,134
1134,1,88,53.357533412377926,5.899704324540094,50.13723773691804,49.99999999999996,0,0.4399315074824306,1.61802875257861,135
1135,0,400,-653.1003609969417,60.04879248702429,28.948431490080242,93.0229511334715,309,2.810294669718578,2.0248965063211375,136
1136,0,400,-623.2462093547609,72.65921074248108,53.41300138771967,125.82363895028683,300,5.177388154856799,1.6430964195682893,137
1137,1,108,66.65711676695592,4.628718574307316,62.365835341263214,67.99999999999999,0,3.8667817939652496,3.866781793965257,138
1138,0,400,-681.341009063246,84.50584195992762,41.16483289667933,79.41896822452551,317,5.586188308874772,5.1934892271760535,139
1139,0,400,-521.1416533433493,27.19448221690522,72.05282887355438,121.67302531288392,281,6.025736642310662,1.7060467436247038,140
1140,0,400,-620.858613755972,77.7203502312284,28.861736475254386,112.85110158309087,284,0.7619873839675123,0.76198738396752,141
1141,0,400,-635.9752501870646,75.77654984937537,59.80129966230885,68.08500716466082,308,5.378979730300977,4.593581566903534,142
1142,0,400,-592.0465435315305,53.403971361452946,63.35742782992183,151.6083302395433,299,1.7655974752055565,1.372898393506841,143
1143,1,101,57.6876860931648,4.660490881007376,53.35817697417216,56.000000000000014,0,0.4003662797631929,2.3638616882568213,144
1144,1,80,46.93189640793661,4.989227422131742,42.72112383006835,42.00000000000004,0,5.312081822677862,1.7777900873893522,145
1145,0,400,-612.0070245617044,66.7655625014637,52.758537939757275,102.24078216905076,297,3.9897570112368768,0.8481643576470903,146
1146,0,400,-660.0186384994586,84.39163215983942,30.372993660378846,116.41379620916057,301,1.5888339941544716,3.5523294026480996,147
1147,1,62,33.99371709701393,5.774662653631968,30.38837975064589,29.99999999999997,0,3.9455606152313716,3.5528615335326523,148
1148,1,79,42.62922708492996,4.921386006867698,38.34061309179765,38.000000000000036,0,1.362440005606748,4.504032659196547,149
1149,0,400,-615.083352337939,84.99464509540769,45.91129275746672,98.5199065015015,286,5.177285064213717,3.9991878191175507,150
1150,1,76,39.31322350855471,4.562582308325412,34.635805816880115,34.00000000000007,0,6.051498496520115,2.5172067612316047,151
1151,0,400,-519.967249326264,61.35879763168947,71.39154830542384,161.26360852255712,263,3.7724331644565683,0.23814142916805991,152
1152,1,80,34.39667839216925,5.7119394258371186,30.908617818006373,30.0,0,1.3906820698038775,1.7833811515026081,153
1153,0,400,-625.7148674354975,65.42074439893705,45.70587696343744,78.05267370925442,301,5.466932140150043,4.288834895053875,154
1154,0,400,-539.150059726405,40.318632394414884,79.16857266800922,121.33655383338221,287,2.037353828170624,1.6446547464719075,155
1155,0,400,-501.01185231499977,17.20328632028644,78.19143400528512,102.632122869754,279,2.5617769017525047,5.310670473643581,156
1156,1,100,77.21716828518403,5.774208625625781,73.99137691080983,75.99999999999999,0,4.679247665775062,2.3230531755827246,157
1157,1,79,38.02477749390587,5.491856836949147,34.30663433085503,38.000000000000014,0,4.144941159856922,2.574144833062033,158
1158,0,400,-520.7864502733341,29.48879374740049,72.70234347406483,119.0958235735586,280,3.9122218640168565,5.875717272510485,159
1159,0,400,-627.5618537061007,87.87615650081925,36.314302794716475,138.11107236058442,286,3.8986027357476245,3.8986027357476316,160
1160,1,101,45.46457342833985,5.808042195308565,42.2826156236484,43.99999999999999,0,5.160081643562161,5.552780725260893,161
1161,0,400,-634.4196595122037,63.04525210941706,38.6255925972113,92.92711964433313,303,5.179109682418119,2.8229151922257807,162
1162,0,400,-553.7550234042928,35.19218968388141,71.43716627958686,112.7525345740742,293,1.875413713290826,2.6608118766882827,163
1163,1,90,28.64464336564559,5.935532676443279,25.480176042088864,30.000000000000007,0,4.459070356522138,4.85176943822087,164
1164,0,400,-674.621299694349,85.02979568515471,48.408495990803424,73.92581765550713,317,5.452039113309925,5.059340031611207,165
1165,0,400,-634.7143460817464,83.7286022582254,55.014256176476835,95.22478810515854,301,5.8226549800517855,2.6810623264619986,166
1166,1,82,44.079414138886605,5.937758394306266,40.83717253319284,42.000000000000064,0,3.058891181325942,1.880793936229777,167
1167,0,400,-647.5595539096406,89.40182572605023,39.842271816407504,81.42219263458543,297,2.7642212171413667,1.1934248903464764,168
1168,1,95,60.84678969303118,5.159417536830283,56.95620722986148,52.00000000000004,0,5.089548251644201,5.482247333342931,169
1169,0,400,-674.8868151311484,93.82491199695028,28.938096865799498,97.59022998765037,303,5.846821960008419,4.276025633213528,170
1170,0,400,-691.8664630681308,89.41585959757084,39.54939652943957,58.764183105328044,319,2.7529401999668797,4.716435608460506,171
1171,1,101,45.838266309537694,5.175942070440372,42.02420837997805,44.00000000000002,0,4.328035620399869,4.7207347020986,172
1172,1,101,78.31933676484823,5.086016245439755,74.41535301028799,70.00000000000004,0,2.279581015715248,3.064979179112703,173
1173,0,400,-550.799301493548,29.940009357402676,53.14070786385298,82.71857685244588,285,2.801368063039918,3.9794653081360982,174
1174,1,75,30.841997128026726,5.169996057336153,26.76199318536288,25.999999999999993,0,4.186004632733968,5.756800959528871,175
1175,0,400,-608.8936369221994,99.45604879487776,54.56241187267624,117.68966103955549,280,2.958172691932841,4.528969018727745,176
1176,0,400,-558.3230459609863,128.98891368942034,66.66586772843338,186.34730210027033,246,1.808721798098521,1.4160227163998056,177
1177,0,400,-695.4520416729495,71.66690536768463,36.21486369473271,59.65481154277626,328,1.4304161729056692,1.8231152546043994,178
1178,0,400,-587.93086580289,53.49224308168831,41.56137727879634,77.07207780653752,286,5.862268824933373,1.93527800794614,179
1179,0,400,-653.0849135811127,49.72871428474387,28.643800703628944,65.01571938273455,314,0.8415860358412801,3.983178689431079,180
1180,0,400,-588.3264180229585,48.338558894170646,48.012140871210256,98.8530568585388,292,2.3572625656080115,5.498855219197813,181
1181,0,400,-696.7191486956308,44.57808748396,25.85893878832971,28.570404065624036,337,0.7842609875228916,1.5696591509203466,182
1182,1,84,50.73041094126826,4.355744946064002,45.92615588733226,45.99999999999994,0,4.115283833362753,1.3663902614716918,183
1183,1,81,43.71976702425339,5.271119894658968,39.80088691891237,37.999999999999986,0,3.4651896349369267,1.108995144744589,184
1184,1,78,39.351057353435415,4.281742207074575,34.41279956050998,33.99999999999995,0,2.0904154791143568,5.62470721440288,185
1185,0,400,-578.9607462850573,21.828995367404396,58.86824908234524,71.4539214712599,306,3.4818915328801454,3.4818915328801534,186
1186,1,112,73.78822444690805,5.792882742111695,70.70110718901972,72.0,0,5.812174733417914,2.6705820798281286,187
1187,0,400,-608.582612253359,79.36799033209029,42.78537807872923,106.26299563832978,284,1.9778203831813024,2.370519464880034,188
1188,0,400,-633.9614481843267,61.088370783827244,59.12692259949832,100.25257771534147,314,0.7740635376197675,1.1667626193185,189
1189,0,400,-598.1524330727727,70.59152003082662,44.439086958051895,96.72593949059842,284,0.6207749752768598,3.3696685471679366,190
1190,0,400,-654.4684995492396,64.86017859878058,26.391679049541533,116.74470142023776,306,4.428832145965448,3.250734900869281,191
1191,0,400,-655.8297546352487,60.42184338742615,28.5920887521752,96.12000913470489,310,0.952161301015523,0.559462219316806,192
1192,0,400,-585.4144206646068,74.64185877056327,71.2274381059546,91.35294694144015,289,4.387975480062796,5.173373643460252,193
1193,0,400,-696.5239352477566,39.71253874684213,27.18860349908322,68.12601652703349,340,2.4756434018917934,2.868342483590523,194
1194,0,400,-629.6074174013416,67.13522319390017,33.527805792556855,89.99332381754995,296,6.045454314308901,3.2965607424178405,195
1195,0,400,-671.141659639665,69.50255973271342,28.36090009304636,112.46807384781344,313,4.2683626331615185,4.268362633161526,196
1196,0,400,-584.9968774547006,38.63625796747371,55.639380512771304,90.93608145230199,299,1.7782461115664998,6.097936010252473,197
1197,0,400,-590.5473003090302,42.92356562554347,74.37626531651229,124.23013977220853,309,1.3933975484208434,0.21530030332467653,198
1198,0,400,-611.3306302108498,35.743905795179515,50.413275584327735,79.15826817209455,311,0.6750637019530447,1.0677627836517773,199
1199,0,400,-567.6755302149945,42.73841305137737,59.062882836383366,123.74277388190441,290,3.4761850333169155,3.0834859516181994,200
1200,1,87,42.39471847829479,5.19417624598778,38.45889472428258,47.99999999999999,0,4.2952256024145035,2.33173019392089,201
1201,0,400,-653.2269647503266,74.8056114178055,27.578646667476825,111.49813084669297,301,1.5765612478314919,0.398464002735325,202
1202,0,400,-552.8099735825028,20.94029740930022,46.13032382679769,67.49707109742607,287,0.3871453572934436,1.5652426023896244,203
1203,0,400,-561.7663970959154,48.22821107719971,76.46181398128257,116.31183324361199,293,3.209532440342765,1.2460370318491543,204
1204,0,400,-496.07170711416916,57.563222927100824,67.49151581293037,163.77196860266577,251,5.313615218350372,0.20852715626696927,205
1205,1,118,84.48439277779235,4.458949715874205,80.12334249366654,81.99999999999997,0,4.813486407286194,2.064592835395135,206
1206,0,400,-546.7492728941313,89.67596556953771,98.9266926754047,87.82072046325715,276,3.974512983960735,0.44022124867222656,207
1207,1,66,40.30562063426843,5.475592881810518,36.44121351607895,34.0,0,4.956040100814604,4.563341019115885,208
1208,1,86,47.75200867781471,5.951614097569211,44.56362277538393,39.99999999999999,0,6.056177204659288,0.5583900608771564,209
1209,1,108,58.933813063158915,5.16780288012667,55.18161594328557,55.99999999999995,0,5.974948488377644,0.4771613445955132,210
1210,0,400,-592.8337701039645,117.46372836080843,52.62995825684193,148.23796503413195,262,3.51619794632979,2.338100701233628,211
1211,0,400,-623.1565796106541,97.18417542539802,28.027595814741986,126.68826601002097,275,0.7608552326617581,5.080545131347732,212
1212,0,400,-562.7638495582567,61.53113217125553,62.76728261299707,115.13613324580918,280,1.5239487516082746,5.843638650294249,213
1213,0,400,-585.8258453490695,79.29432941720543,45.46848406813406,105.69859106682631,274,4.250777169580318,2.2872817610867062,214
1214,0,400,-508.2853849768858,86.77708458922905,68.49169961234168,161.9193442731081,243,2.52606872720073,0.9552724004058417,215
1215,0,400,-526.9375769938787,43.006578311336206,60.06900131745655,158.92954032583583,270,0.9257796898880408,4.85277050687529,216
1216,0,400,-621.6520773244868,44.61656509402981,42.9644877695421,101.30791014870404,308,4.9354836514301965,1.4011919161416881,217
1217,0,400,-702.345503558341,91.28436722536684,28.93886366702346,70.09640740126869,318,1.2510580632668113,2.429155308362989,218
1218,0,400,-618.0075601150323,81.11484518624133,31.107285071206903,103.88852004956978,282,3.6628042114008874,2.092007884606001,219
1219,1,99,32.305435653717474,4.964792875069694,28.26022852878719,32.000000000000014,0,3.238415479391537,2.0603182342953725,220
1220,0,400,-580.234131068411,94.96033669817169,66.72620562975881,106.66864108942379,274,0.8506818935377337,5.1703717922237065,221
1221,0,400,-608.5708435653061,51.3153445726889,46.744501007380734,98.98529105087206,300,1.0788660953917697,4.22045874898157,222
1222,0,400,-689.3890194627139,120.63601397520263,85.24699451248631,54.996691412173675,325,0.977814027638151,1.7632121910356044,223
1223,0,400,-611.6209216341932,119.60524318972323,63.98432155552847,162.2316365195239,276,2.8037324235033356,3.5891305869007932,224
1224,0,400,-590.9320954829155,52.93897549350799,66.00688001059085,130.6490905830803,300,5.629389557105877,6.0220886388046075,225
1225,1,76,31.56945643679001,5.005767309987088,27.3352237467771,28.00000000000001,0,1.4875810615893599,5.4145718785766075,226
1226,0,400,-598.5000282627808,91.99321457663224,61.49318631384942,100.6978526187345,282,0.6817845315526224,5.3941735119373195,227
1227,0,400,-602.3071204648146,54.53688193130013,32.229761466483495,87.20367041112837,288,1.8771469260762148,5.804137743063466,228
1228,0,400,-608.297379848865,39.79382918026937,61.49644933140287,122.16705673726352,313,2.8838145767679753,2.8838145767679824,229
1229,0,400,-594.322821467734,95.49912746528486,53.176305997549164,111.25950111297388,274,4.149194528527813,0.2222037115405815,230
1230,0,400,-576.3036713959242,75.19591866029761,40.892247264371534,113.07407470588751,269,3.9714280812371965,5.934923489730826,231
1231,0,400,-688.5983057631398,67.00102016152059,26.40271439837831,99.89244907188042,322,3.7110505971852272,3.7110505971852343,232
1232,0,400,-616.4390514944236,53.19148539194765,40.752433897522884,108.035982466361,300,2.914063446124199,4.484859772919103,233
1233,0,400,-595.877705446949,46.26924364719543,32.39153820024453,82.71126626714887,289,0.8132784466432129,2.776773855136842,234
1234,0,400,-579.658057896735,45.937557553364385,60.27949965662738,114.44516543943453,295,5.800927170894575,4.230130844099686,235
1235,0,400,-677.8309417913028,79.30239255478637,77.47145076348336,63.100323164294714,336,2.689232718736165,3.081931800434895,236
1236,0,400,-609.262445747924,99.6382435024548,48.3757977545292,120.45754210644662,277,1.722068796845575,4.863661450435377,237
1237,0,400,-584.9455038768119,43.188904384387435,44.24340050757526,111.70478179934683,291,1.4743941772502305,4.615986830840031,238
1238,1,79,39.116121680655965,4.961873288692983,34.86799496934895,34.00000000000004,0,4.875121699795703,2.5189272096033664,239
1239,0,400,-553.9833736697909,33.27263896902091,45.289265299229704,97.89398175367464,281,4.297349002232982,1.5484554303419231,240
1240,0,400,-586.4243990119977,84.0788180216142,43.65441900961642,106.22610338720484,271,3.5520873146845755,0.017795579396066685,241
1241,0,400,-600.7514749216227,70.0102736248896,33.258798703264866,110.1588493374104,280,0.19408264528807162,4.12107346227532,242
1242,0,400,-643.8853446985381,110.80605900445613,52.920714305916,108.43511797418617,291,0.6588325744305557,1.8369298195267358,243
1243,0,400,-674.9717255926532,73.39914533681193,52.42741974415643,71.71705491744252,325,0.8971586300650648,4.038751283654864,244
1244,0,400,-575.8355448820702,82.80092674276948,58.96538186069746,97.6777794459625,274,5.717774801996212,3.7542793935025993,245
1245,1,99,61.584872473265676,5.553498204204492,58.12837067747018,56.00000000000006,0,4.611686202554582,5.004385284253312,246
1246,0,400,-641.8547478959966,51.39822001363009,43.54347211763122,98.24389352676528,315,4.671951901870931,1.9230583299798685,247
1247,0,400,-581.0329470340138,57.62976265730287,64.59681562328714,87.58289980588961,292,3.9914880799570573,2.4206917531621697,248
1248,0,400,-564.2988059555228,45.308539900240284,61.009733944716054,107.02929452243553,288,5.64665819426775,1.3269682955817932,249
1249,0,400,-584.7227066690197,95.59896712149235,84.87626045247227,104.86014498387519,285,3.479396455541278,1.515901047047667,250
1250,0,400,-689.536816454719,55.12844136023539,31.591624905514056,40.86635086769401,331,0.15427277598628045,0.1542727759862874,251
1251,0,400,-629.9601361161797,75.91558034633714,25.955444230155297,110.7131507353155,288,3.1464582638913066,5.109953672384934,252
1252,0,400,-633.3793291829677,42.43060403351906,33.05127485054923,64.95059142632829,310,1.6021271678389546,1.9948262495376858,253
1253,0,400,-628.7808711052719,88.3038677388701,37.52299663359612,110.62791729341821,287,3.6136673412168463,4.006366422915579,254
1254,0,400,-594.3202764293457,89.65246265308934,57.33218622374177,99.90348944069646,279,5.771248427722292,1.0588594473376114,255
1255,0,400,-641.0905851595635,83.08615874056704,59.995573581001366,69.79547500217814,307,0.9884602652135602,1.7738584286110157,256
1256,1,92,50.8573768144773,4.224006154773766,46.00138296925109,41.99999999999997,0,1.5943191021603578,1.9870181838590883,257
1257,0,400,-528.8302021794909,92.74736259099302,79.91716041150156,194.8762509397277,256,1.8392573641749668,6.158947262860941,258
1258,0,400,-679.9258286062895,91.15817848883053,41.23234988253866,74.32355027803833,313,3.557626092185286,3.557626092185291,259
1259,0,400,-571.5374986013464,105.18374430482348,77.64624570347516,103.4795793288127,270,2.336426704916345,0.3729312964227347,260
1260,0,400,-653.600276998006,77.48729211189402,33.8870151138865,84.49307880595236,303,2.9135444384916163,1.7354471933954532,261
1261,0,400,-605.2821985814486,70.07448518019049,66.79228659873993,89.46012333837497,299,5.1277030872000795,2.771508597007744,262
1262,0,400,-589.1195500491369,91.8509131223463,40.73136307320775,142.07191958362188,267,0.8680209543581889,2.831516362851817,263
1263,0,400,-596.7454481932211,107.29285439440525,54.547406201182184,109.20531956271127,270,4.110042344450083,2.93194509935392,264
1264,0,400,-608.5687239173274,99.68961103574144,39.1208871184122,136.89199706932806,272,4.717169189469678,2.7536737809760674,265
1265,0,400,-666.8592090313875,71.46129819108951,34.60208915969971,76.53863193159582,313,2.652429915558551,5.401323487449627,266
1266,0,400,-600.7406982764657,53.66017088926504,46.91947261279739,83.0394484379791,295,5.889066944477188,3.925571535983575,267
1267,0,400,-659.6545284598756,85.68332238098695,54.028793921109134,107.23981059171938,312,0.7260960624263175,4.2603877977148406,268
1268,0,400,-639.4030257090621,75.57600026958521,68.17297456052084,72.42766288457285,314,4.495935465081806,5.674032710177986,269
1269,0,400,-616.0595715020255,92.8143624188163,52.75479091678879,75.90433048340049,286,1.4899821527619581,0.3118849076657959,270
1270,0,400,-619.5871324767066,42.291477031716326,36.70434455500968,84.29244172764916,305,3.8247022673784445,6.180896757570798,271
1271,0,400,-585.5919653000491,96.67136445590307,69.07939915585206,131.4461518000448,277,1.5182755585664267,0.7328773951689889,272
1272,0,400,-688.8760198328798,108.60087137097126,73.72485153808911,57.27924334337464,325,5.613452583906132,0.11566544012399937,273
1273,0,400,-585.1116404201201,72.03985951732541,54.92821909720344,112.16786137539324,282,1.5184419210559024,4.267335492946979,274
1274,0,400,-599.347903689274,40.52917750179671,27.181273812521155,87.69995458674913,291,3.3737162193801775,4.551813464476357,275
1275,0,400,-678.9747772921078,91.52736903556318,76.55259174345308,45.00909421476457,330,1.9903301535619953,1.9903301535620002,276
1276,0,400,-694.2326168528851,70.21541067990745,25.982793827019815,95.28819638450402,323,2.4274146639109975,5.569007317500796,277
1277,0,400,-565.714437796458,27.635787285684845,59.92134948922489,87.60292105298673,297,5.9078404368062305,1.1954514564215484,278
1278,0,400,-651.1203286610408,17.575638481176703,36.45530982013376,53.514753386386104,333,2.072163960811126,5.213756614400925,279
1279,0,400,-587.7995772104658,92.60592722819993,46.80635001773216,120.14624585187222,269,5.459163708598275,4.281066463502111,280
1280,0,400,-649.4057623736351,50.77545287175099,43.36969049811371,72.76658638599018,319,4.9127677398710174,5.305466821569748,281
1281,0,400,-616.1049471513807,75.04592226921886,46.94097511783614,88.9556514223647,292,4.5602094132535616,4.952908494952293,282
1282,0,400,-621.3946605100773,92.06728871670897,54.672628206630414,115.24423114258586,290,4.397032707374807,4.789731789073539,283
1283,0,400,-629.518299400794,103.31920056356125,39.80090116276508,101.97906145277054,281,0.23739833635087615,5.735185480133023,284
1284,0,400,-620.1807063119574,96.32649181763294,36.14578550567349,115.27984281840776,278,2.4445831405415355,0.48108773204792454,285
1285,0,400,-590.238765237599,97.26086530738756,25.02210006978672,122.66462514536254,257,0.5583952647563168,6.056182408538463,286
1286,0,400,-574.3521746056018,94.7476208604341,72.3954462548304,100.63537604493136,274,0.2871588121743939,2.250654220668023,287
1287,0,400,-672.3227519247037,41.196317797633746,58.87356587292777,66.49911378579466,343,4.3002614944244835,4.300261494424489,288
1288,0,400,-576.9280123890247,56.75059786881285,67.82258547978661,109.05095364879736,292,2.8934123611222313,2.8934123611222415,289
1289,0,400,-578.4136903337186,103.98250246531327,79.56881213159285,97.48425867962818,275,0.3641779734036924,0.3641779734037023,290
1290,0,400,-602.3364198831428,55.97977697191822,35.64335708877373,105.39004016669121,289,4.867075038545062,2.9035796300514503,291
1291,0,400,-610.9696062207802,47.43480256435988,38.46519634357762,63.41984442534317,299,4.876499836466648,2.520305346274312,292
1292,0,400,-603.4969520212702,43.17243900726683,31.675486985994702,77.59742315972403,294,3.0703245757448205,3.855722739142276,293
1293,0,400,-681.6821399788364,74.38979525831202,66.70765527947323,28.568062671891443,335,5.04524953230288,5.045249532302886,294
1294,0,400,-583.9436907936603,73.67245077552421,81.7287599818627,123.46736434908021,294,2.5123406230042997,1.3342433779081362,295
1295,0,400,-597.0891643355858,40.41627380491808,25.327109469330345,63.29189624860053,289,1.5049551685456442,2.2903533319430998,296
1296,0,400,-634.1570654341109,56.148588321031234,31.991522886920713,96.56447971056414,303,1.9321150456278675,6.251804944313841,297
1297,0,400,-611.3433877784861,41.774308980206406,30.43092120171916,84.99173241505869,298,2.613047450717348,1.4349502056211851,298
1298,0,400,-645.0015265665447,86.6540384984092,35.65251193186229,106.7209891693207,295,3.3024270061101655,0.9462325159178286,299
1299,0,400,-614.3141613540106,73.41935485417807,41.10519350016608,140.57971362673644,289,2.4685647880753483,6.002856523363874,300
1300,0,400,-451.92026491945154,40.77433783274365,84.8540729132907,173.7165195953927,246,5.714082426442061,1.78709160945483,301
1301,0,400,-643.8065263680015,121.24232289296044,61.43579652495672,106.52346470325833,290,1.1844412472661483,0.7917421655674337,302
1302,0,400,-593.9850955046705,74.29643023959949,50.311334734927044,86.61047956880066,283,1.4734357142938745,5.4004265312811235,303
1303,0,400,-527.9068811465451,89.41214883809955,49.50526769155392,200.98654543063702,242,0.5650018592883093,4.884691757974284,304
1304,0,400,-499.2107316103332,70.57905343572365,61.36832182538896,144.66542759047496,243,4.773741254921017,5.16644033661975,305
1305,0,400,-627.5900412037762,67.58939889510663,65.99935769132823,88.29760976466267,311,1.7142169667093095,5.64120778369656,306
1306,0,400,-620.6744945783117,74.27788577909017,61.60339120077634,84.09519803269026,302,3.4498309672305147,2.6644328038330753,307
1307,0,400,-634.7275192581827,51.80698984298952,29.07947058480462,55.15893545227993,304,2.7223499839181198,0.3661554937257847,308
1308,0,400,-641.5815852126791,60.83778741780025,43.25620220511895,85.72719290200165,310,5.094208613662192,3.5234122868673055,309
1309,0,400,-596.7569324584049,90.06898708190938,45.31205462350248,127.50840733541055,274,1.4118598453010605,5.731549743987035,310
1310,0,400,-446.1355693455577,25.926108360764545,83.79053901520554,123.7026524118009,250,1.3926749622920187,4.926966697580546,311
1311,0,400,-601.097685907371,27.659913021439948,40.56222711406754,89.39665793189742,305,2.1738618009374227,6.100852617924673,312
1312,0,400,-604.5622566839904,64.16222975102443,77.59997306703193,105.06039213875796,307,5.57681914806718,2.435226494477395,313
1313,0,400,-607.0749072156549,82.97693771545461,67.90203049979897,120.14358933460856,294,3.3762497092536554,2.983550627554941,314
1314,0,400,-635.3469881430094,92.28821820775059,56.94123006473916,68.81363995328444,298,5.399301776639073,1.8650100413505655,315
1315,0,400,-638.2563849691543,62.57944815285384,32.323063183697876,123.15076150649723,302,5.308691015286292,3.345195606792677,316
1316,0,400,-619.9490392931815,93.35709012895774,41.408050835774226,84.60123515346118,282,0.08405589255069802,4.011046709537948,317
1317,0,400,-486.06709141043274,60.16471638197214,80.09762497153939,170.4109580789889,251,5.394634914027733,1.4676440970405022,318
1318,0,400,-593.9375186072754,31.135266649925843,27.19774804265024,83.67355925756927,293,3.084375643198329,4.6551719699932335,319
1319,0,400,-607.8564434539755,100.47606804593539,68.61962459195806,112.59888868097892,286,4.342207417303689,1.2006147637139049,320
1320,0,400,-574.0735976997464,89.60291568038824,65.52931798063997,85.60320273696894,273,5.020242308771922,0.7005524100859666,321
1321,0,400,-618.2090890413895,107.77794033000644,77.56885128861494,102.92158807098818,292,2.4825283467423502,5.624121000332151,322
1322,0,400,-588.304330501668,19.420843662584687,61.116513160916504,111.46983554135878,313,5.983482670267499,3.2345890983764356,323
1323,0,400,-635.8251534294509,94.24842602826739,42.42327259881489,113.2810316847309,290,6.020397086868816,6.020397086868826,324
1324,0,400,-580.2361739820166,86.73973863722519,44.503564655206816,88.52013018459915,267,0.497922828525702,2.0687191553206072,325
1325,0,400,-615.5973917087656,74.26328631636135,54.66589460759373,51.55689588297904,296,1.6077619099665943,5.534752726953844,326
1326,0,400,-582.8523197998506,110.25223860786555,27.39991880801347,186.76155999652366,248,4.689250057373564,3.511152812277402,327
1327,0,400,-632.7736811629463,61.617748077139396,32.844066914193846,47.67107349903925,300,3.542284688160478,1.578789279666866,328
1328,0,400,-567.659486140406,33.00723095524194,45.347744814834165,98.15699581424124,288,0.2153619298504823,5.7131490736326285,329
1329,0,400,-621.7629625737607,81.82389760900132,36.060935035238614,118.86648968896252,286,1.4177557247847876,5.7374456234707605,330
1330,0,400,-644.4885627414952,100.45535640048315,43.96679365898667,102.18792354776093,292,0.9432925381669717,4.870283355154221,331
1331,0,400,-524.4989800976842,56.1798298135406,65.68084971585468,120.0097479254245,265,3.8878422865443567,2.317045959749469,332
1332,0,400,-581.7159776311655,24.23383754205891,46.51785991089203,68.55114472063816,300,4.566555670548783,6.137351997343689,333
1333,0,400,-605.5542016406158,55.87019870015732,34.31599705953944,87.99201273454283,290,0.06636681070327048,4.386056709389244,334
1334,1,89,52.65166288812384,4.94325436756213,48.48491725568597,56.000000000000014,0,3.003148957658718,1.8250517125625532,335
1335,0,400,-614.5272263289932,48.35461433735708,31.827388008361915,53.360570019530016,297,4.967272115413256,3.3964757886183694,336
1336,0,400,-610.172689891686,70.48150433681735,36.308814445129315,68.66944914447039,286,3.4016869830520156,2.223589737955853,337
1337,0,400,-695.39725156854,119.55661759729283,58.15936602875061,99.80397540736584,315,5.786188207417153,4.2153918806222626,338
1338,0,400,-584.1592628580569,78.55252313866065,52.393260280601915,78.68971655179196,277,1.921013703613535,3.8845091121071635,339
1339,0,400,-639.0103734077549,108.6272823769474,73.61690896919073,67.51050519572449,300,6.003436357066342,4.825339111970177,340
1340,0,400,-597.1998087722623,84.11323659357386,66.91342782130964,109.84108955321209,288,1.7196444423725696,5.646635259359821,341
1341,0,400,-640.0905258898289,88.74205729141629,64.65153140158527,93.2024636750637,306,4.064600040779358,2.4938037139844704,342
1342,0,400,-632.4100575645986,89.61989654372223,41.2098389791216,120.08916694515553,290,3.5855543205660947,3.9782534022648255,343
1343,0,400,-616.055907951621,65.03997200935608,44.98406405773309,59.73173400220879,296,5.367116025958683,1.8328242906701746,344
1344,0,400,-563.7730517926457,59.6641646942542,85.89111290160699,110.88676110961103,293,3.2306923937087806,2.8379933120100653,345
1345,0,400,-606.2040545430368,89.6048993460445,55.40084480300566,103.12593502615584,284,2.902266015330446,0.5460715251381099,346
1346,0,400,-563.8557993102474,60.76298477544137,62.90718546519292,119.95691328564777,281,2.9445713940308496,4.515367720825754,347
1347,0,400,-631.7392944253811,87.27454696778757,55.53525254240612,75.91061275939279,298,5.869589211216241,1.5498993125302847,348
1348,0,400,-621.9023275696087,70.15527610968493,38.25294854007412,100.06659838770071,293,5.601524914054418,4.030728587259531,349
1349,0,400,-642.7798348816742,83.25393734176609,40.47410246008971,78.86591009325177,298,5.671130036991014,0.17334289320888274,350
1350,0,400,-599.7223665229927,99.60097386521592,33.87860734222118,106.18372068304744,265,0.22097495909913492,2.184470367592764,351
1351,0,400,-678.275174829497,91.70479521316337,25.429620383663963,94.48364226881435,304,3.6506025297275366,0.9017089578364752,352
1352,0,400,-581.0083760890178,63.76003496157039,60.75165887255069,115.90161832187415,287,6.008644480945308,4.045149072451692,353
1353,0,400,-611.4214200553762,72.43096788241108,27.009547827033447,132.17576086086757,281,0.4270820912710522,2.7832765814634066,354
1354,0,400,-602.2768141718747,40.98874557299753,44.71193140112095,66.85909113804631,301,2.192365826480771,1.0142685813846084,355
1355,0,400,-603.861254850012,119.06737092388472,43.20611607387075,103.04722156547439,262,5.0339220742454645,2.2850285023544052,356
1356,0,400,-631.1455335755287,27.807075282313797,46.661541706782955,65.80995997590433,323,2.1140099893548627,2.506709071053595,357
1357,0,400,-663.8950739421665,90.01639465678035,64.12132071461154,53.966686766689094,317,2.2378105194824465,3.415907764578627,358
1358,0,400,-589.2633827836231,96.27340915039389,45.010026366768855,112.94814827961041,267,6.208056126949572,2.281065309962338,359
1359,0,400,-577.0859134333916,85.11059152136905,58.02467808797613,113.92014168918845,273,5.317672352669583,1.3906815356823512,360
1360,0,400,-613.396599484568,42.86052566307935,67.46392617851,114.35098407168033,317,0.9148950007196969,1.307594082418428,361
1361,0,400,-675.2689166635946,107.13560489669668,37.86668823310001,98.199057979125,301,3.6868227680661327,2.901424604668693,362
1362,0,400,-611.3959533697273,35.35477880335045,29.95882543362099,69.59149921378877,301,3.135640597791616,4.313737842887796,363
1363,0,400,-586.1587144719598,39.531101381926476,37.37238690996479,57.27119426576476,290,2.5101198354342906,4.080916162229195,364
1364,1,138,47.12887418448847,5.805431598568376,44.314305783056874,75.99999999999991,0,2.111514505292563,2.111514505292575,365
1365,0,400,-640.6081619128148,65.46974271771879,30.861580804904314,107.09195334408238,301,2.3947372611459,0.038542770953561956,366
1366,0,400,-576.5859761281074,97.69393698924412,57.10796086113486,114.5287784987769,266,2.2706415518622673,4.2341369603558965,367
1367,0,400,-627.3504295044827,86.19490580890627,82.84447630442146,76.12677288263227,310,5.5930148183998,0.4879267563163938,368
1368,0,400,-664.4200593392154,84.35668028622395,67.93662094700626,61.94372750273083,322,2.3189180848233746,3.8897144116182765,369
1369,0,400,-616.4344678824124,69.93662902230558,67.50216113989154,62.68179562039988,305,5.312183700514482,2.9559892103221466,370
1370,0,400,-618.8944925606734,57.32136147358194,30.42686891290903,106.50509124954831,294,2.2567325113663346,1.4713343479688956,371
1371,0,400,-608.5331816089631,110.48258283823237,65.94940122926721,98.49136267942106,280,0.6117045925792485,4.145996327867773,372
1372,0,400,-678.7069460217436,96.75543539773132,28.048489375985373,108.61882037553217,303,4.681128105848835,4.288429024150118,373
1373,0,400,-554.26223103417,68.29171113607934,62.02948010190764,139.55070958270784,272,3.6925747193130745,5.263371046107979,374
1374,0,400,-615.8686202374967,85.85910631319955,47.99048607570094,130.79877367131738,287,1.137917417955078,4.2795100715448795,375
1375,0,400,-560.040757400145,92.79026543977912,76.74950803963227,99.18721191008946,270,5.494814570184375,0.7824255897996948,376
1376,0,400,-435.6869870409044,76.23451089863805,76.54752385773244,192.9329564840685,216,2.3657024232775603,3.5437996683737434,377
1377,0,400,-617.8767008835093,73.10295156458317,29.22625068107236,97.00284203897996,285,0.24453667954502312,6.135022905025895,378
1378,0,400,-642.2178786728567,86.53384027001727,46.315961597158356,66.7496225191744,299,0.3539535080650459,2.7101479982573986,379
1379,0,400,-602.7070938119514,67.30043405118424,34.59334023923333,113.98047001150067,283,5.816793831548464,4.6386965864522995,380
1380,0,400,-616.7904204862809,82.3006569267514,57.51023644046843,53.8215905579942,294,2.414718294436628,5.163611866327706,381
1381,0,400,-607.7549019570824,73.9448148984559,36.18991294137173,115.81994719618491,283,5.185915859653882,4.400517696256442,382
1382,0,400,-564.9509609136738,14.129297650943382,79.17833673726967,85.6997313032079,313,5.774302352053334,4.59620510695717,383
1383,0,400,-654.8360042646557,117.45293829374445,26.61693402908683,121.99965626606505,280,4.274982056073113,3.4895838926756735,384
1384,0,400,-595.763411981985,62.51743158608598,48.75401960409929,92.20704398701037,289,1.3592108816079442,1.3592108816079542,385
1385,0,400,-589.5376680318385,70.67672506344796,67.13905703160752,60.493741975971794,291,1.9424417565549161,4.298636246747269,386
1386,0,400,-607.6782791212572,16.767760702192394,39.08948158093493,76.07798396130048,313,5.537167156745527,3.1809726665531883,387
1387,0,400,-639.9136673625401,74.2847550421631,48.37108767962088,51.383750821322934,305,0.6611948847071162,3.410088456598194,388
1388,0,400,-604.1459332674518,103.68771930556153,29.541786038107706,124.37862344772664,263,3.7000241158701357,5.663519524363766,389
1389,0,400,-652.1023142626925,85.75312183157571,41.65080756888097,72.21812473557856,302,6.220436745394084,5.435038581996643,390
1390,0,400,-519.6616145581335,118.955935224835,69.29432066669999,150.06177641434581,233,0.9042885126350594,5.616677493019759,391
1391,0,400,-697.4014656200948,100.40489469027709,61.0034290701799,60.09729081030714,327,2.285262623393929,3.463359868490107,392
1392,0,400,-608.6414469118668,68.00092065862398,33.35947374675509,128.31842758135315,285,5.227948152296618,0.5155591719119363,393
1393,0,400,-637.440771039156,87.4110611415952,53.97029010243712,72.79203758066659,300,0.44455967887830555,0.4445596788783148,394
1394,0,400,-588.874484613183,50.117433196994476,53.24294858380954,68.99654344228613,294,4.822769733700313,4.0373715703028745,395
1395,0,400,-613.6014187115485,73.300949387157,43.69953067560651,80.5932155495087,290,1.8084953117009708,1.8084953117009803,396
1396,0,400,-645.306764521797,88.53405623183197,75.22729171003277,67.16979655557654,314,2.814678175774289,2.4219790940755717,397
1397,0,400,-663.1245014061537,73.51770179627823,34.393200390122225,67.09200411437995,310,3.4084686586938964,0.6595750868028349,398
1398,0,400,-664.7936754839501,109.8772148518485,61.08353936789616,91.00701246321445,306,0.8728315082159201,2.050928753312101,399
1399,0,400,-575.8652264411519,68.65002459764935,56.7847981564969,133.29313087563406,280,1.3839799059114946,2.9547762327063993,400
1400,0,400,-679.9299499818086,76.54608688457122,86.61613690276037,65.22327666341013,343,0.04272187477778022,0.8281200381752347,401
1401,0,400,-571.670173856024,88.41219228014417,32.74201842411918,172.93356288252062,256,1.355582484115017,1.74828156581375,402
1402,0,400,-625.189164675991,108.43346451224758,31.244299836254854,143.09704442544486,272,4.911454923910144,1.3771631886216356,403
1403,0,400,-593.5509597418891,57.42297833676983,43.8720185948801,111.58373255723178,288,1.413891471228262,2.984687798023167,404
1404,0,400,-643.3863030001498,112.43042581866857,31.044122818517344,117.5449034407655,279,0.5802964379376706,0.18759735623895502,405
1405,0,400,-672.2993610261249,77.56462208147374,45.265261055346556,56.978984120741636,318,6.239851795505026,3.490958223613964,406
1406,0,400,-602.9348002492344,97.97994872766091,37.045148478424515,106.07715314293343,269,1.2622695588097035,0.4768713954122652,407
1407,0,400,-638.3132735719187,50.56844519222331,58.2551716203025,62.229705082375474,321,5.545890080335398,2.796996508444336,408
1408,0,400,-635.8959851191944,92.20502995117303,72.30904483197715,132.92779264318287,306,2.5023343003898266,6.036626035678351,409
1409,0,400,-589.9866059300006,74.06272630377023,56.07612037376776,66.52040380010288,284,0.9320580331269698,0.932058033126979,410
1410,0,400,-618.254334482143,73.73159595578629,41.47726147364124,86.24726246248234,291,4.913862307241904,0.5941724085559481,411
1411,0,400,-650.8776469187985,81.69182523843762,28.814178319636955,92.555189845488,297,5.991287370380199,3.63509288018786,412
1412,0,400,-592.0334427102895,63.19886114568906,53.16541843539765,60.27273224377707,289,0.29312275229040535,2.256618160784034,413
1413,0,400,-668.6420606497613,91.35055649864887,44.708495848885235,80.63365795505457,309,4.027295937692949,5.205393182789129,414
1414,0,400,-595.8048779768221,36.13043637474942,42.325558397925334,98.66000917095941,299,5.067126495357088,0.747436596671132,415
1415,0,400,-642.2469634880954,59.011049530193446,30.76408604209669,115.50977163736337,305,1.740631886586344,0.16983555979145493,416
1416,0,400,-479.41696804436395,92.36163948949059,74.9446714451253,178.9243280399733,229,2.5401807053513084,0.5766852968576983,417
1417,0,400,-670.6963284891677,39.36643574212131,50.67010725295111,75.87930959087365,339,1.9320674080304083,2.717465571427863,418
1418,0,400,-599.7822321840141,58.67072051559708,30.888488331581044,81.6895210890077,284,0.04455569028245114,1.222652935378632,419
1419,0,400,-631.1189604776476,80.52322431588642,35.40426383823666,61.302447577499244,291,5.618226538550013,5.225527456851298,420
1420,0,400,-586.8865198478874,81.58123710691488,92.69471725902608,101.22123338741913,297,2.894047254052254,2.894047254052263,421
1421,0,400,-639.4753191140691,60.41987197432349,40.94455286025399,131.13947291201941,308,1.3830663159523569,1.7757653976510888,422
1422,0,400,-682.3425218905211,68.13320941513007,33.79068752460661,55.540504110148326,322,3.731881331995343,1.7683859235017305,423
1423,0,400,-588.41107927521,77.97860621573841,33.56752694052861,145.25379827166802,270,2.631499407763576,4.594994816257206,424
1424,0,400,-649.6907441256138,86.62233580873658,54.93159168312113,56.98132246349779,307,4.435696432778482,3.2575991876823185,425
1425,0,400,-654.6372246440551,83.00498966335172,42.36776501929442,71.22836541778162,305,3.034519112215263,0.28562554032420095,426
1426,0,400,-571.1056500527408,92.20490173652016,27.09925168377752,142.06272157828522,251,1.659329675176078,2.4447278385735354,427
1427,0,400,-667.3167454020985,93.74437345433563,60.427628052234866,58.06158833267958,315,1.8617838030365614,3.432580129831466,428
1428,0,400,-672.7384093431571,87.6662262705662,40.927816927406774,86.69200050913659,311,0.5387069710518333,0.9314060527505648,429
1429,0,400,-647.4596488257898,68.25134602524359,42.79169719945216,114.5399850551632,309,0.14659696974281053,4.4662868684287815,430
1430,0,400,-580.7268750869688,82.30535543725105,47.578480350280635,133.0400622347937,271,3.7968834095831574,6.153077899775511,431
1431,0,400,-629.0067250787368,108.27928929668552,59.272564217946524,87.41769224900393,288,3.2417896768084282,5.5979841670007815,432
1432,1,80,42.1368818937117,5.659013435034212,38.59589532874592,40.00000000000001,0,3.7661630391494394,2.19536671235455,433
1433,0,400,-649.5164737708113,69.47062055501915,45.95414678420643,97.70270184171004,311,4.4748656115823,2.9040692847874134,434
1434,1,84,51.71057430831386,5.190738709273451,47.74131301758732,48.000000000000014,0,0.9320223260784791,5.6444113064631765,435
1435,0,400,-696.6908539286371,86.9669199609453,30.27606603230766,100.22726921514696,318,3.839372731334858,1.4831782411425203,436
1436,0,400,-572.5241805139544,85.54618705326921,51.02200653931296,115.83959185606967,267,1.1911040622407312,0.7984049805420161,437
1437,1,98,76.17174371344568,5.367626636958081,72.51937035040376,70.00000000000014,0,1.6475298633976234,5.967219762083596,438
1438,0,400,-634.6552719282066,69.86265421103901,35.20738228283032,55.90937678896962,298,1.3177269412070634,5.637416839893037,439
1439,0,400,-673.5451980967973,77.57160707980965,52.02640898301006,109.24750148174813,322,4.563523540314155,5.741620785410335,440
1440,0,400,-650.9547074700913,75.40576138178514,66.451053911692,106.37941571830788,319,0.47755952790077166,4.404550344888017,441
1441,0,400,-557.3108892466187,33.5815177088541,52.270628462233695,107.98474212434334,286,4.577887855120352,4.185188773421637,442
1442,0,400,-557.2490706551848,53.4549159417885,48.20584528660222,135.5769176039098,274,0.06438093945485633,2.8132745113459348,443
1443,0,400,-537.7833593016597,58.21043997456471,44.42708067290327,126.61642918486164,260,4.950715086095078,2.594520595902744,444
1444,0,400,-631.7610041677449,35.199239041788594,43.438234874041626,83.32705486741793,318,1.1507183119912407,5.863107292375938,445
1445,0,400,-619.3478498798648,93.29979744309526,75.95194756322991,162.53849826524612,299,2.5936121018492515,6.127903837137776,446
1446,0,400,-614.9323861209441,97.4180154467386,74.48562932579256,74.23290548519593,294,0.21802788264121892,0.21802788264122874,447
1447,0,400,-605.5393986447591,56.176794406038034,54.63739576127693,125.10509017238242,300,0.907072363537638,5.226762262223611,448
1448,0,400,-628.2705708903783,92.08725527916842,39.816684388788374,149.25879482654136,286,3.5579319982099986,5.914126488402353,449
1449,0,400,-511.1801587509226,62.78274711585394,73.60258836492976,161.13323993124888,259,1.1555236469306638,5.47521354561664,450
1450,0,400,-682.0382804547298,75.00819940900574,36.96991895427354,85.3174398751358,320,1.0431446773991844,2.6139410041940865,451
1451,0,400,-663.5564388449745,56.90988145304031,43.353442608065,96.80625861264643,323,2.600549085709111,6.134840820997635,452
1452,0,400,-602.4526482593855,44.951295661682266,42.49864740229612,90.07536502790725,298,1.8458678299824278,1.4531687482837126,453
1453,0,400,-632.7820241878203,82.3258877752153,27.543863587393055,93.51622742446618,287,4.988112798548779,3.4173164717538924,454
1454,0,400,-600.6840833135337,96.66586136174425,55.98177804820854,111.4139998090514,278,1.6986686582862296,0.9132704948887911,455
1455,0,400,-691.5994302191623,54.969405327465445,39.369975108300764,54.41885877520528,336,1.320412955876656,2.105811119274111,456
1456,0,400,-613.6173953895996,83.74507030512943,66.12767491552782,84.14543443194151,296,1.0244794800101733,1.024479480010183,457
1457,0,400,-573.1726399592288,27.10154733636006,57.92890737713153,85.7298953708762,300,1.1676407430412503,6.272728805124672,458
1458,0,400,-629.5227527099584,95.4153636228281,85.89261091286778,95.76535115951454,308,3.826987137881165,2.648889892785003,459
1459,0,400,-626.1508471595263,49.65456126723304,33.50371410770463,52.789499374083555,303,4.341083356516442,3.5556851931190034,460
1460,1,173,8.144847209330365,5.485102851536597,61.35995006086698,89.80789952557703,28,3.5154546197698293,3.908153701468565,461
1461,0,400,-586.8456751422082,69.1952409153344,62.34956577312456,137.25638576903046,288,1.4692467558212976,0.2911495107251323,462
1462,0,400,-642.2608268561596,52.158855155221126,47.898028299061544,71.67481254826103,317,0.7389149404003992,4.665905757387646,463
1463,0,400,-643.9216075910493,103.25782822554461,73.33622063449309,80.85564284043312,305,1.4992388342233787,0.3211415891272136,464
1464,0,400,-654.4431561102704,56.91705938297923,42.47390327270668,41.32952111114509,318,5.669746192627335,3.7062507841337218,465
1465,0,400,-591.1275723352907,18.090147366296797,30.962575031006022,62.79782243609812,300,6.225959552676055,1.5135705722913735,466
1466,0,400,-651.9646964199674,60.98475564861478,51.020059228646275,84.63549275991033,319,5.723026759078652,2.9741331871875905,467
1467,0,400,-651.9045353659658,91.0705480499533,55.16601268398747,148.49138646718004,306,1.4401509851118848,6.152539965496581,468
1468,0,400,-584.1195439062211,21.009899830814888,54.89035592459191,89.05757330092406,307,1.9826713305089456,0.4118750037140564,469
1469,0,400,-571.9557733539125,86.75552483142029,72.79975147750588,167.54059043510833,277,0.5555819140621473,5.267970894446847,470
1470,0,400,-541.686496553901,91.58021982213343,77.89372326823081,100.61356538765126,262,1.5281062927200864,5.062398028008614,471
1471,1,117,82.91350131981633,4.629737382600091,78.7132387024164,85.9999999999999,0,0.30792438476821915,2.6641188749605726,472
1472,0,400,-590.3637542227845,55.10062939860366,32.73687517581932,53.30559351937296,282,4.316746046894245,6.280241455387875,473
1473,0,400,-629.5619789055861,95.34168265480146,75.77970374921328,90.7323453942264,303,4.637145757004801,3.8517475936073633,474
1474,1,100,80.05754252620874,5.2624903605536435,76.32003288676238,74.00000000000001,0,1.2107150258669206,5.530404924552892,475
1475,0,400,-680.3786212982161,96.70745035476746,26.32882905654906,100.98879138009505,303,5.436256352183875,2.2946636985940887,476
1476,1,106,61.04465852610599,4.520257080188659,56.62491560629466,63.999999999999915,0,2.717995702566606,5.074190192758959,477
1477,0,400,-638.0862443257412,82.90224818691142,40.816003861169875,70.03163028676927,296,5.930636734159674,4.75253948906351,478
1478,0,400,-653.8111297033851,60.161948398253976,50.35081869486705,82.58922020367149,320,2.1067369333294677,6.033727750316716,479
1479,0,400,-653.5155443227061,52.611258500909614,45.09571417820141,81.107049513358,321,1.6252056853624353,5.944895584048407,480
1480,0,400,-538.222571370755,70.95102127091195,54.7284499001553,116.71922625714978,259,6.1073459209983305,3.358452349107271,481
1481,0,400,-597.2375964137874,100.39216184850716,47.15456543471778,102.0352595918321,270,3.4662657630285176,5.037062089823422,482
1482,0,400,-621.3678830012061,80.87256683224535,31.504683831037248,68.04844212577136,284,0.7146945192559324,0.3219954375572165,483
1483,0,400,-646.7691632720658,68.67398477940374,43.90482150733569,46.08480052406125,309,2.2286438886929165,4.192139297186546,484
1484,0,400,-470.1740071339802,49.7006481883077,71.52664105432606,155.44025887163988,244,3.3807568297606583,2.9880577480619466,485
1485,0,400,-636.9446616061155,63.374258490949046,26.429596884831433,61.203911817879934,298,3.845979065714847,2.2751827389199586,486
1486,0,400,-615.2918130754892,92.46603102176097,73.17421794627005,55.84954542798047,296,1.2830470629884079,3.2465424714820372,487
1487,1,75,29.9390931149137,4.605344646014189,25.29443776092789,23.999999999999982,0,0.3653714391880355,4.685061337874007,488
1488,0,400,-632.0432385507827,86.28621830953931,58.24297975875454,105.35646528792708,300,1.4150102510560338,5.342001068043281,489
1489,0,400,-654.8853292168079,73.16265571658445,28.277326499776343,82.06598321839985,303,3.622744768856309,3.2300456871575935,490
1490,0,400,-636.3011207186327,97.39756318200153,57.09644246336681,83.69067835422504,296,5.68623438652882,0.5811463244454145,491
1491,0,400,-643.9571690070877,66.47971552931004,34.52254652222,101.37567955912711,304,1.956645928995926,0.7785486838997637,492
1492,1,160,68.02871401779716,5.579029045302307,65.20774306309947,105.99999999999999,0,5.1948573486249865,1.6605656133364821,493
1493,0,400,-603.3631469945738,79.47119200472129,72.10804501014553,85.49779905890215,296,0.9497985311268503,0.9497985311268602,494
1494,0,400,-603.0621770372504,77.27702922375448,28.21485218650206,85.1268858609555,275,3.7648401432098066,3.7648401432098164,495
1495,0,400,-601.2885074349574,107.3141822568026,52.02567482184324,87.46735268016427,271,3.7900931320147935,0.25580139672628555,496
1496,0,400,-593.4842738165312,50.64722698111597,25.162953164582717,108.60357412183207,282,2.9114486499329004,5.66034222182398,497
1497,0,400,-654.1328813962568,61.048879844728575,44.91599844846948,68.43250897891684,317,0.8814785152460445,5.593867495630741,498
1498,0,400,-503.690220872628,96.59905201513982,54.908831142510365,154.58134746363822,229,4.841472443490507,2.4852779532981737,499
1499,0,400,-659.2651422001134,68.33128441584884,53.06614221573323,49.18664889092964,320,1.5086321242955314,5.43562294128278,500
